"heritage","address","LocName","fX","fY","iConf","iLvl"
法隆寺地域の仏教建造物,奈良県生駒郡斑鳩町法隆寺山内１の１,"奈良県/生駒郡/斑鳩町/法隆寺山内/１番","135.73416","34.61421","5","7"
姫路城,兵庫県姫路市本町６８,"兵庫県/姫路市/本町/６８番地","134.68736","34.83587","5","7"
屋久島,屋久島町安房2739-343,"鹿児島県/熊毛郡/屋久島町/安房/２７３９番地","130.63202","30.31386","5","7"
白神山地,青森県中津軽郡西目屋村田代神田６１−１,"青森県/中津軽郡/西目屋村/田代","140.29680","40.56916","5","5"
